Step,Time,Total Energy,Potential,Kinetic,Temperature
0,0,-3340.058485,-3341.139294,1.080808973,9.059059095
100,300,-3364.799759,-3368.574673,3.774913725,31.64034289
200,600,-3359.558897,-3362.864806,3.305909312,27.70927015
300,900,-3353.882895,-3357.627923,3.745027878,31.38984751
400,1200,-3364.552532,-3368.194034,3.641501869,30.52211949
500,1500,-3358.82835,-3362.086211,3.257861687,27.30654748
600,1800,-3365.080765,-3368.752863,3.672098378,30.77857145
700,2100,-3358.434896,-3361.83539,3.400494311,28.50205695
800,2400,-3361.769549,-3365.61513,3.845581603,32.23266262
900,2700,-3360.119873,-3363.498773,3.378900678,28.32106475
1000,3000,-3363.839084,-3367.527143,3.68805931,30.91235182
1100,3300,-3359.947502,-3363.475019,3.527517344,29.56673091
1200,3600,-3360.632337,-3364.333258,3.700920923,31.02015451
1300,3900,-3362.912689,-3366.345703,3.433014126,28.77462957
1400,4200,-3361.121095,-3364.920524,3.799428711,31.84582111
1500,4500,-3361.636289,-3365.015229,3.378939604,28.32139102
1600,4800,-3360.969768,-3364.647298,3.677529066,30.82409006
1700,5100,-3362.015476,-3365.497785,3.482308757,29.18780431
1800,5400,-3362.619425,-3366.383403,3.763978243,31.54868453
1900,5700,-3360.459218,-3363.966439,3.507220811,29.39661066
2000,6000,-3363.930982,-3367.412364,3.481381758,29.18003445
2100,6300,-3359.599106,-3363.277742,3.678636596,30.83337309
2200,6600,-3362.920196,-3366.501881,3.581685548,30.02075467
2300,6900,-3361.867027,-3365.749636,3.882609046,32.543017
2400,7200,-3359.604256,-3363.107434,3.503177536,29.36272098
2500,7500,-3362.468103,-3366.161868,3.693764713,30.96017302
2600,7800,-3359.996921,-3363.527753,3.530832029,29.59451374
2700,8100,-3362.029131,-3365.501771,3.472640694,29.10676913
2800,8400,-3361.824755,-3365.478359,3.653603793,30.62355466
2900,8700,-3361.407924,-3364.801728,3.393804543,28.44598506
3000,9000,-3363.462553,-3367.105854,3.64330086,30.53719816
3100,9300,-3361.748376,-3365.317872,3.56949564,29.91858205
3200,9600,-3360.605251,-3363.970389,3.365138177,28.20571105
3300,9900,-3363.497623,-3367.179188,3.681565195,30.85791984
3400,10200,-3360.502626,-3364.159042,3.656416074,30.64712647
3500,10500,-3361.833767,-3365.381719,3.547951453,29.73800428
3600,10800,-3361.393186,-3365.06711,3.673923946,30.79387288
3700,11100,-3360.069235,-3363.336155,3.266919079,27.38246418
3800,11400,-3362.425901,-3365.965298,3.539397133,29.6663042
3900,11700,-3360.836563,-3364.36294,3.526376428,29.55716804
4000,12000,-3362.63484,-3365.911823,3.276982915,27.46681663
4100,12300,-3362.657155,-3366.283654,3.626499455,30.39637316
4200,12600,-3361.377266,-3364.935626,3.558359836,29.82524463
4300,12900,-3362.381835,-3365.880911,3.499076746,29.32834923
4400,13200,-3362.286178,-3365.729328,3.443150272,28.8595881
4500,13500,-3362.885645,-3366.42493,3.539284807,29.66536272
4600,13800,-3361.988237,-3365.681113,3.692875882,30.95272308
4700,14100,-3362.208758,-3365.849997,3.641238658,30.51991332
4800,14400,-3362.469455,-3366.097348,3.627892557,30.40804978
4900,14700,-3361.830876,-3365.612781,3.781905341,31.69894479
5000,15000,-3360.378337,-3364.099713,3.721376173,31.19160509
5100,15300,-3361.321409,-3365.113928,3.792518325,31.78790005
5200,15600,-3360.862857,-3365.455806,4.592949476,38.49690533
5300,15900,-3360.448058,-3364.206031,3.757972888,31.49834921
5400,16200,-3360.819936,-3365.292371,4.472434974,37.48678418
5500,16500,-3360.908451,-3365.525607,4.617156501,38.6998023
5600,16800,-3360.758859,-3365.254944,4.496084766,37.68501058
5700,17100,-3360.414058,-3364.40423,3.990172029,33.44458188
5800,17400,-3361.126864,-3365.659227,4.532362291,37.98907933
5900,17700,-3360.705291,-3364.25546,3.550168337,29.75658563
6000,18000,-3360.441664,-3365.486008,5.044343976,42.28037637
6100,18300,-3360.591305,-3365.164899,4.573593213,38.33466617
6200,18600,-3361.041211,-3364.53241,3.491199144,29.26232123
6300,18900,-3360.501553,-3365.340303,4.838750524,40.55714564
6400,19200,-3360.520111,-3364.803951,4.283839758,35.90602824
6500,19500,-3360.851967,-3365.921411,5.069444591,42.49076318
6600,19800,-3360.975267,-3365.104467,4.129199948,34.60987767
6700,20100,-3360.514319,-3364.377637,3.863317833,32.38132308
6800,20400,-3360.552085,-3365.217788,4.665703398,39.10670974
6900,20700,-3361.076955,-3366.288602,5.211647544,43.68267126
7000,21000,-3360.855132,-3365.097862,4.242729908,35.5614562
7100,21300,-3360.443885,-3365.175955,4.732069664,39.66297448
7200,21600,-3360.889507,-3365.521254,4.631747151,38.82209732
7300,21900,-3361.094124,-3364.833427,3.739302597,31.3418597
7400,22200,-3360.43604,-3365.398416,4.962376802,41.59334888
7500,22500,-3360.60526,-3365.293384,4.688124189,39.29463496
7600,22800,-3360.95078,-3365.536029,4.585248558,38.43235824
7700,23100,-3360.623261,-3364.89576,4.272498806,35.81097134
7800,23400,-3360.431208,-3364.570297,4.13908887,34.69276403
7900,23700,-3360.824718,-3365.337829,4.513111478,37.82772404
8000,24000,-3360.944484,-3363.922573,2.978088623,24.96156258
8100,24300,-3360.655098,-3364.47672,3.821621664,32.03183666
8200,24600,-3360.609972,-3363.199084,2.589112084,21.70126262
8300,24900,-3361.085479,-3364.88057,3.795091061,31.80946406
8400,25200,-3361.051621,-3364.364488,3.312866689,27.76758507
8500,25500,-3360.585236,-3364.259626,3.674390498,30.7977834
8600,25800,-3360.893923,-3364.590208,3.696284932,30.98129684
8700,26100,-3361.26232,-3365.032388,3.770068281,31.59972964
8800,26400,-3360.642231,-3363.914253,3.272022166,27.42523693
8900,26700,-3360.628276,-3363.973276,3.345000564,28.03692283
9000,27000,-3360.945106,-3364.985863,4.040756982,33.86857178
9100,27300,-3361.111976,-3364.900159,3.78818226,31.75155629
9200,27600,-3360.523124,-3364.715597,4.192473496,35.14022005
9300,27900,-3360.791126,-3364.911174,4.120047405,34.53316344
9400,28200,-3360.926248,-3365.166986,4.240738479,35.54476456
9500,28500,-3360.891565,-3366.15377,5.262205017,44.10643083
9600,28800,-3360.595859,-3364.729167,4.133308226,34.64431217
9700,29100,-3360.922846,-3365.034792,4.111945145,34.46525241
9800,29400,-3361.072884,-3365.4323,4.359415726,36.53948631
9900,29700,-3360.355592,-3365.167451,4.811859607,40.33175299
10000,30000,-3360.436435,-3365.187535,4.751099293,39.82247587
10100,30300,-3357.254026,-3363.91897,6.664944481,55.86382738
10200,30600,-3352.594459,-3361.501411,8.906952048,74.65575042
10300,30900,-3348.500465,-3358.499507,9.999042055,83.8093642
10400,31200,-3345.200916,-3359.033268,13.83235187,115.9391679
10500,31500,-3341.706644,-3353.935055,12.22841144,102.4953573
10600,31800,-3337.801556,-3354.00678,16.20522364,135.8279605
10700,32100,-3334.455721,-3352.958544,18.5028229,155.0858387
10800,32400,-3332.371488,-3352.248048,19.87656041,166.6001484
10900,32700,-3328.569348,-3349.579337,21.00998925,176.1002535
11000,33000,-3325.054534,-3345.53502,20.4804859,171.6620945
11100,33300,-3323.152921,-3341.79801,18.64508892,156.2782753
11200,33600,-3320.837956,-3341.989396,21.15143983,177.2858554
11300,33900,-3317.370714,-3340.994148,23.62343474,198.0054724
11400,34200,-3314.277812,-3341.756097,27.47828502,230.3158227
11500,34500,-3312.68135,-3341.335304,28.65395414,240.1699748
11600,34800,-3310.474798,-3339.761738,29.2869406,245.4755023
11700,35100,-3306.99952,-3333.171034,26.17151368,219.3628059
11800,35400,-3304.973491,-3334.405779,29.43228815,246.6937675
11900,35700,-3303.862055,-3336.262968,32.40091392,271.576015
12000,36000,-3301.184363,-3329.384838,28.20047534,236.3690337
12100,36300,-3298.871704,-3329.101134,30.22942953,253.3751989
12200,36600,-3297.060242,-3331.584042,34.52379986,289.3694916
12300,36900,-3295.914098,-3336.236239,40.32214077,337.9696738
12400,37200,-3293.657411,-3335.669065,42.01165333,352.1307276
12500,37500,-3290.930086,-3323.100666,32.17058007,269.6454167
12600,37800,-3290.488053,-3330.569469,40.08141657,335.9519862
12700,38100,-3289.427305,-3328.881768,39.45446225,330.6970185
12800,38400,-3286.961578,-3322.37093,35.40935114,296.7919516
12900,38700,-3284.978634,-3320.720308,35.74167393,299.5773946
13000,39000,-3284.714188,-3328.258167,43.54397844,364.9742773
13100,39300,-3283.200725,-3328.340659,45.1399345,378.351165
13200,39600,-3280.832858,-3317.141394,36.30853612,304.3286857
13300,39900,-3279.229863,-3320.55565,41.32578713,346.3819759
13400,40200,-3279.331316,-3330.381886,51.0505697,427.8925686
13500,40500,-3278.232111,-3327.058449,48.82633854,409.2496428
13600,40800,-3276.052009,-3317.315151,41.26314268,345.8569065
13700,41100,-3274.312998,-3313.096867,38.78386926,325.0762829
13800,41400,-3274.68068,-3321.792877,47.11219676,394.8821531
13900,41700,-3273.709404,-3322.464769,48.75536545,408.6547648
14000,42000,-3271.513746,-3312.258711,40.74496527,341.5136785
14100,42300,-3270.173763,-3316.590373,46.41661013,389.0519274
14200,42600,-3271.012844,-3314.781585,43.76874092,366.8581778
14300,42900,-3269.661894,-3323.816401,54.15450662,453.9089588
14400,43200,-3267.492122,-3304.098959,36.60683671,306.8289635
14500,43500,-3266.859746,-3318.890057,52.03031089,436.1045039
14600,43800,-3267.363923,-3322.237504,54.87358147,459.9360568
14700,44100,-3266.268278,-3324.99178,58.72350174,492.205085
14800,44400,-3263.900631,-3305.592999,41.69236736,349.4545559
14900,44700,-3263.332785,-3318.947541,55.61475632,466.1483912
15000,45000,-3264.33032,-3314.162777,49.83245762,417.6826707
15100,45300,-3263.488061,-3313.289086,49.80102462,417.4192074
15200,45600,-3262.414043,-3303.604847,41.19080349,345.2505782
15300,45900,-3263.014246,-3312.307245,49.29299935,413.161072
15400,46200,-3264.205534,-3327.384103,63.17856958,529.5463024
15500,46500,-3263.062929,-3313.863179,50.80025057,425.7944589
15600,46800,-3262.661359,-3304.883975,42.22261555,353.898958
15700,47100,-3263.49828,-3320.346024,56.84774375,476.4829704
15800,47400,-3263.148713,-3309.455683,46.30696952,388.1329483
15900,47700,-3263.512386,-3307.077513,43.5651274,365.1515424
16000,48000,-3262.470643,-3309.533493,47.06284932,394.4685358
16100,48300,-3263.308442,-3319.713508,56.40506561,472.7725576
16200,48600,-3263.996357,-3310.49757,46.50121335,389.7610495
16300,48900,-3262.978032,-3312.822739,49.84470651,417.7853376
16400,49200,-3262.540777,-3309.963303,47.42252687,397.4832593
16500,49500,-3263.490652,-3316.332454,52.84180179,442.9062091
16600,49800,-3263.737363,-3315.065679,51.3283153,430.2205598
16700,50100,-3262.984678,-3313.391971,50.40729245,422.5007863
16800,50400,-3262.785156,-3309.171975,46.38681919,388.8022275
16900,50700,-3263.529615,-3315.449694,51.92007869,435.1805663
17000,51000,-3263.743997,-3316.366597,52.62259937,441.0689115
17100,51300,-3262.885216,-3310.373309,47.48809299,398.0328174
17200,51600,-3262.929788,-3310.897636,47.96784809,402.0539996
17300,51900,-3263.690139,-3314.755208,51.06506895,428.0140975
17400,52200,-3263.381118,-3315.938272,52.557154,440.5203655
17500,52500,-3262.937353,-3311.337904,48.40055176,405.6808089
17600,52800,-3263.112449,-3313.106687,49.99423818,419.0386731
17700,53100,-3263.565809,-3314.742559,51.17675012,428.95018
17800,53400,-3263.335534,-3314.765647,51.43011226,431.0737954
17900,53700,-3262.916533,-3312.609531,49.69299813,416.5137576
18000,54000,-3263.215209,-3313.984143,50.76893392,425.5319709
18100,54300,-3263.48117,-3314.934727,51.45355712,431.2703041
18200,54600,-3263.163812,-3313.036314,49.87250287,418.0183195
18300,54900,-3263.080193,-3313.302761,50.22256798,420.952474
18400,55200,-3263.308464,-3314.330349,51.02188472,427.6521386
18500,55500,-3263.391895,-3314.417605,51.02571046,427.6842049
18600,55800,-3263.213926,-3314.100075,50.88614906,426.5144376
18700,56100,-3263.044383,-3310.379118,47.3347349,396.7474099
18800,56400,-3263.304314,-3315.576726,52.27241174,438.1337301
18900,56700,-3263.397113,-3313.847676,50.45056367,422.8634744
19000,57000,-3263.23092,-3313.765366,50.53444645,423.566558
19100,57300,-3263.128573,-3311.823368,48.69479563,408.1470844
19200,57600,-3263.271406,-3313.382947,50.11154126,420.021877
19300,57900,-3263.301833,-3312.884811,49.58297818,415.591599
19400,58200,-3263.177488,-3312.316328,49.13884014,411.8689497
19500,58500,-3263.16119,-3312.877637,49.71644723,416.7103018
19600,58800,-3263.355605,-3314.000757,50.64515245,424.4944668
19700,59100,-3263.207719,-3314.331696,51.12397622,428.5078429
19800,59400,-3263.12835,-3311.589438,48.46108842,406.1882115
19900,59700,-3263.166058,-3312.694488,49.52843008,415.1343911
20000,60000,-3263.335734,-3313.523305,50.18757037,420.6591332
20100,60300,-3261.699491,-3312.368561,50.66907042,424.694941
20200,60600,-3260.15569,-3311.399553,51.24386293,429.5127021
20300,60900,-3258.762092,-3312.447337,53.68524505,449.9757306
20400,61200,-3257.386047,-3310.883287,53.49724042,448.3999248
20500,61500,-3256.030129,-3309.143389,53.11326023,445.181503
20600,61800,-3254.518073,-3306.367211,51.84913785,434.5859587
20700,62100,-3253.313789,-3307.784486,54.47069679,456.5591823
20800,62400,-3251.988776,-3307.848758,55.85998154,468.203805
20900,62700,-3250.786751,-3306.755739,55.96898729,469.1174628
21000,63000,-3249.665056,-3304.937155,55.27209826,463.2763206
21100,63300,-3248.580092,-3305.578816,56.99872419,477.7484491
21200,63600,-3247.492749,-3305.378869,57.88611919,485.1863627
21300,63900,-3246.27521,-3302.414862,56.13965155,470.5479261
21400,64200,-3245.35263,-3305.650991,60.29836071,505.4051424
21500,64500,-3244.493534,-3302.590216,58.09668215,486.9512465
21600,64800,-3243.60961,-3302.189988,58.5803782,491.0054607
21700,65100,-3242.541481,-3300.583915,58.04243404,486.496553
21800,65400,-3241.56181,-3301.954519,60.39270897,506.1959449
21900,65700,-3240.73574,-3299.338364,58.60262402,491.1919194
22000,66000,-3240.034456,-3301.749153,61.71469702,517.2765041
22100,66300,-3239.221102,-3299.821641,60.60053877,507.9379201
22200,66600,-3238.442012,-3299.271724,60.829712,509.8587904
22300,66900,-3237.580466,-3297.5741,59.99363402,502.8510027
22400,67200,-3236.933651,-3299.051819,62.11816819,520.6582943
22500,67500,-3236.173761,-3297.658518,61.48475667,515.349204
22600,67800,-3235.468452,-3300.528373,65.05992088,545.3152986
22700,68100,-3234.869872,-3297.474602,62.6047302,524.7365302
22800,68400,-3234.176283,-3296.993327,62.8170448,526.5160959
22900,68700,-3233.616753,-3296.777807,63.16105337,529.3994861
23000,69000,-3232.91017,-3297.855013,64.94484243,544.350741
23100,69300,-3232.371044,-3295.309632,62.93858814,527.5348405
23200,69600,-3231.910858,-3296.865447,64.95458816,544.4324271
23300,69900,-3231.364368,-3294.603793,63.2394249,530.0563758
23400,70200,-3230.682394,-3295.561498,64.87910365,543.7997357
23500,70500,-3230.289499,-3296.628886,66.33938698,556.0394499
23600,70800,-3229.768141,-3295.317551,65.54941047,549.4180727
23700,71100,-3229.400795,-3294.574119,65.17332428,546.2658163
23800,71400,-3228.774684,-3294.54892,65.77423645,551.3025055
23900,71700,-3228.30653,-3293.216008,64.909478,544.0543256
24000,72000,-3227.938147,-3294.242216,66.30406928,555.7434261
24100,72300,-3227.487528,-3292.958024,65.47049607,548.7566328
24200,72600,-3226.928112,-3292.49817,65.57005807,549.5911355
24300,72900,-3226.725718,-3295.110545,68.38482642,573.1837901
24400,73200,-3226.394497,-3295.63712,69.24262285,580.3736162
24500,73500,-3226.005733,-3291.330406,65.32467303,547.5343821
24600,73800,-3225.523073,-3290.141583,64.61851041,541.615511
24700,74100,-3225.16978,-3291.854655,66.68487485,558.9352392
24800,74400,-3224.856252,-3291.833138,66.97688595,561.3828001
24900,74700,-3224.446698,-3291.866555,67.41985713,565.0956691
25000,75000,-3224.133794,-3291.978689,67.84489518,568.6582272
25100,75300,-3224.104301,-3294.332619,70.2283179,588.6354552
25200,75600,-3224.093183,-3292.900499,68.80731616,576.724989
25300,75900,-3224.120203,-3291.049449,66.92924612,560.9834955
25400,76200,-3224.198494,-3291.757957,67.55946233,566.2658034
25500,76500,-3224.166551,-3291.880209,67.71365792,567.5582307
25600,76800,-3224.025696,-3291.1128,67.087104,562.3066191
25700,77100,-3224.193995,-3290.686082,66.49208754,557.3193462
25800,77400,-3224.091483,-3290.415139,66.32365646,555.9076008
25900,77700,-3224.101888,-3291.806535,67.70464642,567.4826986
26000,78000,-3224.141403,-3291.272292,67.13088877,562.6736116
26100,78300,-3224.096178,-3291.56817,67.47199182,565.5326484
26200,78600,-3224.127517,-3292.016807,67.88929006,569.0303335
26300,78900,-3224.147719,-3291.910511,67.76279181,567.9700582
26400,79200,-3224.162166,-3292.079293,67.91712681,569.2636539
26500,79500,-3224.076995,-3290.857451,66.78045581,559.7363739
26600,79800,-3224.025765,-3291.580184,67.55441975,566.2235379
26700,80100,-3224.134923,-3293.39601,69.26108698,580.5283777
26800,80400,-3224.110501,-3290.582721,66.47222,557.1528217
26900,80700,-3224.101283,-3289.951807,65.85052356,551.9419242
27000,81000,-3224.137162,-3289.373322,65.23616006,546.7924894
27100,81300,-3224.139,-3293.267117,69.12811716,579.4138594
27200,81600,-3224.153732,-3292.84216,68.68842865,575.7285049
27300,81900,-3224.061753,-3288.540518,64.47876411,540.444194
27400,82200,-3224.10324,-3292.563906,68.46066593,573.8194572
27500,82500,-3224.011501,-3291.718105,67.70660493,567.4991144
27600,82800,-3224.109764,-3291.836627,67.72686293,567.6689117
27700,83100,-3224.067195,-3292.199885,68.13269001,571.0704484
27800,83400,-3224.070895,-3290.049788,65.97889304,553.0178837
27900,83700,-3224.079065,-3290.188865,66.10979971,554.1151092
28000,84000,-3224.000185,-3290.551155,66.55096984,557.8128823
28100,84300,-3224.027804,-3291.691676,67.66387201,567.1409382
28200,84600,-3224.11249,-3291.277317,67.1648268,562.9580713
28300,84900,-3224.148975,-3291.005594,66.8566186,560.3747505
28400,85200,-3224.139324,-3290.512057,66.37273325,556.3189496
28500,85500,-3224.025366,-3291.559228,67.53386201,566.0512282
28600,85800,-3224.143506,-3292.140143,67.99663746,569.9300915
28700,86100,-3224.148712,-3290.846651,66.69793951,559.0447438
28800,86400,-3224.048398,-3288.974244,64.9258454,544.1915128
28900,86700,-3224.041586,-3289.873118,65.83153174,551.7827396
29000,87000,-3224.146437,-3291.086462,66.94002501,561.0738413
29100,87300,-3224.169084,-3292.023053,67.85396867,568.7342788
29200,87600,-3223.930734,-3290.271511,66.3407772,556.0511023
29300,87900,-3224.042641,-3288.852991,64.81034972,543.2234581
29400,88200,-3224.099212,-3292.372715,68.27350315,572.2507075
29500,88500,-3224.151231,-3290.533863,66.38263207,556.401919
29600,88800,-3223.953948,-3291.109989,67.15604106,562.8844316
29700,89100,-3223.935821,-3292.852166,68.91634569,577.6388461
29800,89400,-3224.122509,-3291.00155,66.87904072,560.5626869
29900,89700,-3224.057367,-3291.651567,67.59419997,566.5569653
30000,90000,-3223.922297,-3292.063738,68.1414414,571.1438004
30100,90300,-3223.164432,-3289.277427,66.11299499,554.1418913
30200,90600,-3222.654188,-3289.908788,67.25460085,563.710534
30300,90900,-3221.891469,-3290.315167,68.42369741,573.5095966
30400,91200,-3221.111859,-3290.547152,69.43529283,581.9885258
30500,91500,-3220.396694,-3288.934294,68.53759991,574.4642977
30600,91800,-3219.747072,-3289.510331,69.76325944,584.7374564
30700,92100,-3219.266266,-3289.937688,70.67142265,592.3494437
30800,92400,-3218.589359,-3287.698421,69.109062,579.254144
30900,92700,-3217.969266,-3286.26874,68.29947456,572.4683931
31000,93000,-3217.457632,-3288.30369,70.84605761,593.8131885
31100,93300,-3216.951406,-3287.201286,70.24987971,588.8161807
31200,93600,-3216.352571,-3287.437103,71.08453245,595.8120224
31300,93900,-3215.747263,-3286.969996,71.22273264,596.9703803
31400,94200,-3215.127427,-3286.691397,71.56397002,599.8305431
31500,94500,-3214.750614,-3285.412941,70.66232634,592.2732008
31600,94800,-3214.21179,-3287.69969,73.48789922,615.9564162
31700,95100,-3213.735966,-3287.955884,74.21991764,622.0920038
31800,95400,-3213.296932,-3284.182991,70.88605923,594.1484716
31900,95700,-3212.958805,-3285.623207,72.66440202,609.0540774
32000,96000,-3212.508305,-3281.975058,69.46675298,582.2522165
32100,96300,-3211.961042,-3283.15347,71.19242836,596.7163778
32200,96600,-3211.581725,-3280.65924,69.07751425,578.989719
32300,96900,-3211.171668,-3284.507108,73.33544028,614.6785451
32400,97200,-3210.895225,-3285.373462,74.47823737,624.2571725
32500,97500,-3210.476839,-3279.921726,69.44488772,582.0689476
32600,97800,-3210.12915,-3281.61354,71.48439058,599.163529
32700,98100,-3209.953424,-3284.990097,75.03667316,628.9378357
32800,98400,-3209.594476,-3284.13483,74.54035401,624.7778179
32900,98700,-3209.327039,-3284.377829,75.05079026,629.0561615
33000,99000,-3208.837207,-3283.276059,74.43885185,623.9270533
33100,99300,-3208.654048,-3284.574615,75.92056628,636.3463974
33200,99600,-3208.459314,-3284.393112,75.93379801,636.4573023
33300,99900,-3208.234748,-3281.648917,73.4141695,615.3384329
33400,100200,-3207.898853,-3281.129648,73.23079478,613.8014338
33500,100500,-3207.50692,-3281.073991,73.56707078,616.6200116
33600,100800,-3207.423987,-3283.53279,76.10880321,637.9241503
33700,101100,-3207.188902,-3281.10501,73.91610882,619.5455574
33800,101400,-3206.785998,-3281.224659,74.43866143,623.9254572
33900,101700,-3206.594045,-3280.947731,74.35368577,623.2132133
34000,102000,-3206.442873,-3281.792507,75.34963396,631.5609915
34100,102300,-3206.306909,-3281.906152,75.59924369,633.6531552
34200,102600,-3206.055771,-3278.347962,72.2921909,605.9343007
34300,102900,-3205.86154,-3280.583096,74.72155596,626.2966055
34400,103200,-3205.715131,-3281.729873,76.01474184,637.1357524
34500,103500,-3205.642818,-3281.026723,75.38390443,631.8482377
34600,103800,-3205.451328,-3280.574734,75.12340623,629.6648096
34700,104100,-3205.099427,-3280.565729,75.46630138,632.5388675
34800,104400,-3205.061956,-3279.077868,74.0159124,620.3820851
34900,104700,-3204.95133,-3280.159747,75.20841693,630.3773472
35000,105000,-3204.681691,-3278.575841,73.89415025,619.3615065
35100,105300,-3204.629698,-3278.567582,73.93788402,619.7280715
35200,105600,-3204.833582,-3280.319542,75.48595965,632.7036379
35300,105900,-3204.867457,-3280.880288,76.01283056,637.1197325
35400,106200,-3204.541683,-3275.932777,71.39109434,598.3815443
35500,106500,-3204.678259,-3278.201454,73.52319529,616.2522586
35600,106800,-3204.85411,-3280.872647,76.018537,637.1675624
35700,107100,-3204.864185,-3280.824646,75.96046124,636.6807865
35800,107400,-3204.55442,-3276.401407,71.84698713,602.2027188
35900,107700,-3204.723204,-3279.143023,74.41981859,623.7675215
36000,108000,-3204.862159,-3279.228686,74.36652685,623.320844
36100,108300,-3204.818135,-3278.85574,74.0376051,620.5639076
36200,108600,-3204.657936,-3280.332044,75.67410752,634.2806443
36300,108900,-3204.729907,-3280.796262,76.066355,637.5683604
36400,109200,-3204.849985,-3281.650275,76.80028925,643.7200061
36500,109500,-3204.713373,-3279.12382,74.41044753,623.6889757
36600,109800,-3204.593654,-3279.431246,74.83759228,627.2691916
36700,110100,-3204.667515,-3279.164778,74.49726299,624.4166402
36800,110400,-3204.678881,-3282.96277,78.28388932,656.1551551
36900,110700,-3204.603135,-3278.045418,73.44228281,615.5740713
37000,111000,-3204.662034,-3277.049271,72.38723632,606.7309467
37100,111300,-3204.634518,-3279.41063,74.77611175,626.7538779
37200,111600,-3204.757438,-3280.744452,75.98701463,636.9033501
37300,111900,-3204.718514,-3281.168806,76.45029129,640.7864144
37400,112200,-3204.591708,-3277.435952,72.84424423,610.5614678
37500,112500,-3204.640889,-3278.778272,74.13738314,621.4002211
37600,112800,-3204.711485,-3282.668212,77.95672716,653.4129671
37700,113100,-3204.718131,-3279.576397,74.8582661,627.4424742
37800,113400,-3204.712523,-3280.623399,75.91087594,636.2651755
37900,113700,-3204.637628,-3280.245497,75.60786919,633.7254519
38000,114000,-3204.757362,-3280.625424,75.86806261,635.9063253
38100,114300,-3204.737936,-3280.943773,76.20583666,638.7374594
38200,114600,-3204.72463,-3277.791513,73.06688255,612.4275642
38300,114900,-3204.662265,-3278.831763,74.16949844,621.6694032
38400,115200,-3204.755838,-3279.613507,74.85766886,627.4374682
38500,115500,-3204.646455,-3281.571216,76.92476062,644.7632926
38600,115800,-3204.709925,-3279.185293,74.47536797,624.2331218
38700,116100,-3204.627885,-3278.489207,73.86132171,619.0863462
38800,116400,-3204.755454,-3280.45447,75.69901661,634.4894259
38900,116700,-3204.777552,-3281.633398,76.85584604,644.1856686
39000,117000,-3204.657251,-3280.392704,75.73545254,634.7948223
39100,117300,-3204.577911,-3279.524495,74.94658366,628.1827289
39200,117600,-3204.659538,-3283.576522,78.91698356,661.461586
39300,117900,-3204.762395,-3282.179366,77.41697099,648.8888716
39400,118200,-3204.752007,-3278.369452,73.61744514,617.0422363
39500,118500,-3204.492729,-3279.049783,74.55705332,624.9177872
39600,118800,-3204.636213,-3277.905758,73.2695451,614.1262289
39700,119100,-3204.795023,-3282.718459,77.92343549,653.1339251
39800,119400,-3204.740153,-3279.168799,74.42864551,623.8415064
39900,119700,-3204.509409,-3280.645073,76.13566389,638.1492895
40000,120000,-3204.617008,-3277.109144,72.49213682,607.6101953
40100,120300,-3204.141623,-3279.241095,75.09947257,629.464204
40200,120600,-3203.556444,-3279.744095,76.18765057,638.5850283
40300,120900,-3202.965994,-3281.452146,78.48615204,657.8504685
40400,121200,-3202.175874,-3278.113168,75.93729345,636.4866002
40500,121500,-3201.886243,-3280.298447,78.41220387,657.2306542
40600,121800,-3201.402425,-3278.550623,77.14819789,646.6360856
40700,122100,-3200.831043,-3278.218476,77.38743256,648.6412882
40800,122400,-3200.232955,-3277.304527,77.07157122,645.9938208
40900,122700,-3199.810094,-3275.84219,76.0320962,637.2812122
41000,123000,-3199.272145,-3277.42653,78.15438448,655.0696793
41100,123300,-3198.835618,-3276.749008,77.9133901,653.0497272
41200,123600,-3198.443431,-3277.753898,79.31046637,664.7596564
41300,123900,-3198.036612,-3274.448746,76.41213384,640.4665885
41400,124200,-3197.644391,-3280.454436,82.81004516,694.0922136
41500,124500,-3197.257724,-3274.879102,77.62137788,650.6021569
41600,124800,-3196.735289,-3273.489048,76.75375884,643.3300002
41700,125100,-3196.436227,-3275.086175,78.64994814,659.2233647
41800,125400,-3196.088168,-3274.528886,78.44071739,657.4696471
41900,125700,-3195.752592,-3274.182318,78.42972563,657.3775171
42000,126000,-3195.234433,-3277.285024,82.05059095,687.7266664
42100,126300,-3195.154956,-3276.212032,81.05707571,679.3992806
42200,126600,-3194.885655,-3276.69269,81.80703425,685.6852376
42300,126900,-3194.425608,-3272.610695,78.18508706,655.3270203
42400,127200,-3194.10768,-3272.183448,78.07576797,654.4107362
42500,127500,-3193.77582,-3274.50154,80.72572004,676.6219437
42600,127800,-3193.648117,-3275.481472,81.83335495,685.9058508
42700,128100,-3193.328734,-3274.729749,81.40101448,682.2820857
42800,128400,-3193.014534,-3270.990441,77.97590671,653.5737251
42900,128700,-3192.774529,-3271.995213,79.22068413,664.007125
43000,129000,-3192.379159,-3270.032319,77.65315936,650.868541
43100,129300,-3192.132568,-3274.750566,82.61799831,692.482527
43200,129600,-3191.795149,-3269.483184,77.68803446,651.160855
43300,129900,-3191.593185,-3274.302688,82.70950323,693.2494974
43400,130200,-3191.305226,-3272.980149,81.67492226,684.5779093
43500,130500,-3190.971263,-3269.816829,78.84556577,660.8629807
43600,130800,-3190.734911,-3268.290038,77.55512729,650.0468618
43700,131100,-3190.577457,-3273.466662,82.88920501,694.7557108
43800,131400,-3190.405288,-3269.538403,79.13311533,663.2731462
43900,131700,-3190.151647,-3271.748496,81.59684884,683.9235183
44000,132000,-3189.843767,-3271.425771,81.58200356,683.799089
44100,132300,-3189.654242,-3269.819693,80.16545067,671.9259119
44200,132600,-3189.572407,-3272.509185,82.93677742,695.1544504
44300,132900,-3189.287058,-3272.42509,83.13803145,696.8413092
44400,133200,-3189.08299,-3270.756383,81.67339295,684.565091
44500,133500,-3188.849709,-3271.617811,82.76810205,693.7406574
44600,133800,-3188.689596,-3269.18685,80.49725401,674.707001
44700,134100,-3188.371209,-3267.640084,79.26887486,664.4110471
44800,134400,-3188.194608,-3271.039859,82.84525096,694.3872995
44900,134700,-3188.022942,-3270.82357,82.80062809,694.0132821
45000,135000,-3187.82502,-3266.860731,79.03571085,662.4567272
45100,135300,-3187.884715,-3270.000489,82.11577372,688.2730114
45200,135600,-3187.957736,-3270.626603,82.66886757,692.9088998
45300,135900,-3187.978856,-3270.537803,82.55894693,691.9875737
45400,136200,-3187.807988,-3269.005632,81.19764396,680.577487
45500,136500,-3187.864732,-3268.705395,80.84066384,677.5853727
45600,136800,-3188.019992,-3266.421147,78.40115529,657.1380479
45700,137100,-3187.88971,-3267.788509,79.89879887,669.690906
45800,137400,-3187.899955,-3267.059054,79.15909908,663.4909352
45900,137700,-3187.958036,-3268.352031,80.39399465,673.841508
46000,138000,-3187.961771,-3270.16304,82.20126961,688.9896156
46100,138300,-3187.957798,-3265.231735,77.27393707,647.6899986
46200,138600,-3187.915969,-3264.624367,76.70839851,642.9498018
46300,138900,-3187.879578,-3266.291814,78.41223558,657.23092
46400,139200,-3187.885932,-3267.445528,79.55959598,666.8477958
46500,139500,-3187.890321,-3270.410305,82.51998408,691.6609973
46600,139800,-3187.974873,-3270.089642,82.11476881,688.2645885
46700,140100,-3187.970241,-3269.778938,81.80869693,685.6991737
46800,140400,-3187.969447,-3269.366486,81.3970388,682.2487626
46900,140700,-3187.942071,-3269.994289,82.05221759,687.7403004
47000,141000,-3187.921702,-3268.241346,80.31964399,673.2183202
47100,141300,-3187.927301,-3265.16489,77.2375887,647.385336
47200,141600,-3187.947087,-3266.123268,78.17618096,655.2523717
47300,141900,-3187.989088,-3267.251412,79.26232397,664.3561393
47400,142200,-3187.958873,-3269.545666,81.58679294,683.8392324
47500,142500,-3187.869485,-3268.497065,80.62757997,675.7993592
47600,142800,-3187.894551,-3269.069428,81.17487737,680.3866634
47700,143100,-3187.898183,-3270.076767,82.1785836,688.7994674
47800,143400,-3188.010247,-3270.05573,82.04548243,687.6838481
47900,143700,-3187.915473,-3269.13756,81.22208684,680.7823609
48000,144000,-3188.009287,-3270.27392,82.26463247,689.5207066
48100,144300,-3187.92873,-3267.605781,79.67705093,667.8322726
48200,144600,-3187.937334,-3268.728418,80.79108378,677.1698056
48300,144900,-3187.915555,-3271.069139,83.15358403,696.9716668
48400,145200,-3187.96657,-3271.442792,83.47622209,699.675935
48500,145500,-3187.855418,-3265.302011,77.44659276,649.1371536
48600,145800,-3187.853943,-3265.043872,77.18992813,646.9858576
48700,146100,-3188.112787,-3267.372831,79.26004449,664.3370333
48800,146400,-3188.000065,-3268.670961,80.67089642,676.1624264
48900,146700,-3187.815925,-3267.248637,79.43271155,665.7842836
49000,147000,-3187.902089,-3264.57555,76.67346081,642.6569631
49100,147300,-3187.984077,-3269.707153,81.7230759,684.9815206
49200,147600,-3187.998461,-3269.249278,81.25081724,681.0231716
49300,147900,-3187.786077,-3265.390607,77.60452959,650.4609389
49400,148200,-3187.910293,-3265.075372,77.16507888,646.7775777
49500,148500,-3188.038045,-3268.194665,80.15662061,671.8519006
49600,148800,-3188.045103,-3268.788289,80.74318596,676.7683385
49700,149100,-3187.842501,-3267.330351,79.48785026,666.2464419
49800,149400,-3187.860209,-3264.933745,77.07353537,646.0102838
49900,149700,-3187.995707,-3267.799066,79.80335835,668.8909484
50000,150000,-3188.013451,-3269.359194,81.34574325,681.8188166
50100,150300,-3187.234034,-3267.891844,80.65780988,676.0527385
50200,150600,-3186.348729,-3265.149177,78.80044816,660.4848167
50300,150900,-3185.639481,-3265.496912,79.85743102,669.3441715
50400,151200,-3185.080946,-3265.571755,80.49080888,674.6529796
50500,151500,-3184.432182,-3268.316107,83.88392462,703.0931913
50600,151800,-3183.898756,-3264.960409,81.06165287,679.4376451
50700,152100,-3183.265689,-3265.119401,81.85371158,686.0764748
50800,152400,-3182.769196,-3266.212594,83.44339782,699.4008105
50900,152700,-3182.238381,-3263.440719,81.20233819,680.6168328
51000,153000,-3181.755211,-3265.881324,84.12611256,705.1231475
51100,153300,-3181.261414,-3266.475439,85.21402548,714.24175
51200,153600,-3180.721142,-3262.480738,81.75959623,685.2876245
51300,153900,-3180.217085,-3261.651224,81.43413931,682.5597294
51400,154200,-3179.562854,-3260.326581,80.76372758,676.9405131
51500,154500,-3179.429259,-3265.784866,86.35560752,723.8101931
51600,154800,-3179.019499,-3262.19504,83.17554112,697.1557054
51700,155100,-3178.435454,-3261.135717,82.7002629,693.1720473
51800,155400,-3177.949354,-3259.710406,81.76105238,685.2998295
51900,155700,-3177.695891,-3262.429707,84.73381617,710.2167608
52000,156000,-3177.417535,-3264.933991,87.51645565,733.5401196
52100,156300,-3176.984025,-3263.26122,86.27719448,723.1529555
52200,156600,-3176.661504,-3261.233343,84.57183964,708.8591157
52300,156900,-3176.317052,-3260.835859,84.51880727,708.4146122
52400,157200,-3176.075708,-3261.92425,85.84854154,719.5600983
52500,157500,-3175.454319,-3258.372918,82.91859836,695.0020782
52600,157800,-3175.269764,-3259.890442,84.62067758,709.2684626
52700,158100,-3174.931857,-3260.619929,85.6880715,718.2150802
52800,158400,-3174.60326,-3258.44671,83.84345079,702.7539502
52900,158700,-3174.31097,-3258.478218,84.16724797,705.4679338
53000,159000,-3173.787995,-3254.221477,80.43348199,674.1724806
53100,159300,-3173.405901,-3259.474622,86.06872061,721.4055818
53200,159600,-3173.172077,-3261.219429,88.04735146,737.9899498
53300,159900,-3172.838449,-3258.995519,86.15706976,722.1461014
53400,160200,-3172.557597,-3256.716167,84.15856953,705.3951934
53500,160500,-3172.457855,-3260.962418,88.50456332,741.8221805
53600,160800,-3172.342941,-3260.079031,87.7360905,735.3810417
53700,161100,-3172.232525,-3258.250969,86.01844421,720.9841781
53800,161400,-3171.849576,-3259.029414,87.17983849,730.7186823
53900,161700,-3171.754169,-3255.589281,83.83511171,702.6840542
54000,162000,-3171.646184,-3259.593685,87.94750144,737.153033
54100,162300,-3171.375426,-3257.843052,86.46762565,724.7490999
54200,162600,-3171.092011,-3256.351586,85.2595752,714.6235359
54300,162900,-3170.88063,-3255.706042,84.82541138,710.984488
54400,163200,-3170.62399,-3259.548666,88.9246761,745.3434563
54500,163500,-3170.36136,-3256.74559,86.38422965,724.0500964
54600,163800,-3170.120001,-3258.02358,87.90357911,736.7848875
54700,164100,-3170.067673,-3256.437399,86.36972572,723.9285282
54800,164400,-3169.941549,-3258.916466,88.97491752,745.7645668
54900,164700,-3169.733026,-3257.732962,87.99993649,737.59253
55000,165000,-3169.404075,-3254.852081,85.44800623,716.2029157
55100,165300,-3169.483937,-3257.633468,88.14953067,738.8463894
55200,165600,-3169.464991,-3258.352518,88.88752765,745.0320877
55300,165900,-3169.516512,-3256.896732,87.38022014,732.398229
55400,166200,-3169.444269,-3252.610549,83.16628057,697.078086
55500,166500,-3169.472198,-3254.389282,84.91708319,711.7528572
55600,166800,-3169.481727,-3257.717041,88.23531466,739.5654084
55700,167100,-3169.466053,-3255.651463,86.18541029,722.3836443
55800,167400,-3169.393459,-3255.592622,86.19916328,722.4989183
55900,167700,-3169.52277,-3253.469102,83.94633234,703.6162766
56000,168000,-3169.563201,-3256.003815,86.44061325,724.522689
56100,168300,-3169.462371,-3259.082346,89.61997573,751.1712766
56200,168600,-3169.458453,-3257.934518,88.47606455,741.5833113
56300,168900,-3169.42209,-3253.641335,84.21924519,705.903761
56400,169200,-3169.440566,-3253.89257,84.45200398,707.8546844
56500,169500,-3169.460511,-3253.785072,84.32456093,706.78649
56600,169800,-3169.593239,-3256.174674,86.58143518,725.7030217
56700,170100,-3169.479186,-3254.702661,85.22347447,714.320949
56800,170400,-3169.415898,-3252.676443,83.26054457,697.8681823
56900,170700,-3169.37918,-3253.944712,84.56553269,708.8062525
57000,171000,-3169.49142,-3256.011209,86.51978952,725.1863239
57100,171300,-3169.488042,-3256.838517,87.3504748,732.1489113
57200,171600,-3169.489542,-3257.06875,87.57920791,734.0660927
57300,171900,-3169.380138,-3254.419848,85.03970978,712.7806813
57400,172200,-3169.416459,-3256.550037,87.13357888,730.3309463
57500,172500,-3169.41725,-3257.098606,87.68135522,734.9222648
57600,172800,-3169.465066,-3257.210718,87.74565152,735.4611796
57700,173100,-3169.412887,-3256.547398,87.13451059,730.3387557
57800,173400,-3169.376004,-3256.820263,87.44425943,732.9349897
57900,173700,-3169.524764,-3257.534518,88.00975391,737.674817
58000,174000,-3169.423452,-3256.424247,87.00079552,729.2179907
58100,174300,-3169.344184,-3251.854036,82.50985197,691.5760726
58200,174600,-3169.463072,-3256.613811,87.15073864,730.4747749
58300,174900,-3169.510959,-3254.906403,85.39544373,715.7623505
58400,175200,-3169.465323,-3258.99121,89.52588617,750.3826424
58500,175500,-3169.308898,-3252.916435,83.6075366,700.776579
58600,175800,-3169.38259,-3255.929274,86.54668463,725.4117516
58700,176100,-3169.503321,-3256.70464,87.20131853,730.8987224
58800,176400,-3169.44126,-3258.135498,88.69423832,743.4119869
58900,176700,-3169.453305,-3258.136415,88.68310918,743.3187054
59000,177000,-3169.419127,-3256.317183,86.8980559,728.3568541
59100,177300,-3169.43135,-3256.01183,86.58048039,725.6950189
59200,177600,-3169.421634,-3255.368265,85.94663045,720.3822539
59300,177900,-3169.326469,-3253.044143,83.71767429,701.6997244
59400,178200,-3169.463318,-3258.254271,88.7909528,744.2226225
59500,178500,-3169.486297,-3258.875516,89.38921889,749.2371329
59600,178800,-3169.531592,-3257.975656,88.44406346,741.3150865
59700,179100,-3169.374678,-3255.072543,85.69786574,718.2971729
59800,179400,-3169.343773,-3254.120691,84.77691822,710.5780309
59900,179700,-3169.362194,-3257.281281,87.91908659,736.9148671
60000,180000,-3169.426075,-3256.672955,87.24688002,731.2806069
60100,180300,-3168.765613,-3255.39512,86.62950753,726.1059516
60200,180600,-3168.022696,-3254.548496,86.52580085,725.2367093
60300,180900,-3167.489694,-3258.273114,90.78341999,760.9229631
60400,181200,-3166.986287,-3254.256272,87.26998484,731.4742655
60500,181500,-3166.510739,-3253.845115,87.33437549,732.0139711
60600,181800,-3165.740775,-3253.191181,87.45040605,732.986509
60700,182100,-3165.21769,-3253.642703,88.42501253,741.1554065
60800,182400,-3164.849313,-3254.630053,89.7807399,752.51876
60900,182700,-3164.410928,-3255.601465,91.19053704,764.3353121
61000,183000,-3163.806769,-3253.004587,89.19781788,747.6328596
61100,183300,-3163.173198,-3251.580904,88.40770542,741.0103428
61200,183600,-3162.721843,-3249.31823,86.59638645,725.8283394
61300,183900,-3162.176248,-3252.928584,90.75233528,760.6624192
61400,184200,-3161.818261,-3252.758113,90.93985192,762.2341347
61500,184500,-3161.458182,-3252.533674,91.07549281,763.3710414
61600,184800,-3161.082052,-3250.972502,89.89045081,753.4383282
61700,185100,-3160.667568,-3251.615681,90.9481121,762.3033694
61800,185400,-3160.236768,-3251.019075,90.78230773,760.9136404
61900,185700,-3159.895784,-3251.643585,91.7478004,769.0061483
62000,186000,-3159.742254,-3249.82483,90.08257626,755.0486736
62100,186300,-3159.565392,-3252.937687,93.37229451,782.6222345
62200,186600,-3159.119307,-3248.609203,89.48989652,750.0809865
62300,186900,-3158.646155,-3245.408471,86.76231597,727.2191173
62400,187200,-3158.296115,-3248.909335,90.61321998,759.496391
62500,187500,-3157.978246,-3248.9604,90.98215389,762.5886988
62600,187800,-3157.659402,-3247.827376,90.16797445,755.764459
62700,188100,-3157.200158,-3248.971931,91.77177241,769.2070754
62800,188400,-3156.813572,-3250.492446,93.67887335,785.1918985
62900,188700,-3156.389616,-3243.395194,87.00557759,729.2580729
63000,189000,-3156.075352,-3245.87016,89.79480788,752.6366741
63100,189300,-3155.72935,-3248.635928,92.90657771,778.7187177
63200,189600,-3155.45562,-3246.016861,90.56124129,759.0607192
63300,189900,-3155.249333,-3250.6704,95.42106679,799.7945098
63400,190200,-3155.064305,-3246.24037,91.17606528,764.2140136
63500,190500,-3154.877892,-3248.443444,93.56555191,784.2420677
63600,190800,-3154.553125,-3243.601141,89.04801595,746.3772588
63700,191100,-3154.264402,-3244.507156,90.2427535,756.3912375
63800,191400,-3153.91297,-3244.91898,91.00601048,762.7886586
63900,191700,-3153.591309,-3248.056131,94.46482187,791.7795141
64000,192000,-3153.159312,-3240.754394,87.59508134,734.1991396
64100,192300,-3152.703143,-3240.354947,87.65180468,734.6745799
64200,192600,-3152.313576,-3241.114849,88.80127342,744.3091272
64300,192900,-3151.999346,-3243.266761,91.26741456,764.9796794
64400,193200,-3151.563058,-3242.412771,90.84971364,761.4786192
64500,193500,-3151.336745,-3244.167579,92.83083468,778.0838594
64600,193800,-3151.032938,-3242.277303,91.24436502,764.7864842
64700,194100,-3150.600156,-3241.196783,90.59662707,759.3573135
64800,194400,-3150.092859,-3243.061328,92.96846858,779.2374708
64900,194700,-3149.748305,-3240.971645,91.22334029,764.6102604
65000,195000,-3149.506535,-3241.771504,92.26496884,773.3409194
65100,195300,-3149.437177,-3241.596875,92.15969788,772.4585656
65200,195600,-3149.526785,-3239.469045,89.94225958,753.8725758
65300,195900,-3149.437004,-3240.799584,91.36258034,765.7773342
65400,196200,-3149.513509,-3241.650874,92.13736466,772.2713744
65500,196500,-3149.399589,-3236.6703,87.27071088,731.4803509
65600,196800,-3149.432203,-3240.429567,90.99736351,762.7161819
65700,197100,-3149.525655,-3244.058023,94.53236788,792.3456671
65800,197400,-3149.476604,-3240.607399,91.13079454,763.834566
65900,197700,-3149.475687,-3243.376068,93.90038058,787.0485144
66000,198000,-3149.498445,-3240.803096,91.304651,765.2917856
66100,198300,-3149.460621,-3243.948052,94.48743089,791.969017
66200,198600,-3149.489666,-3242.266953,92.77728708,777.6350373
66300,198900,-3149.366591,-3238.798893,89.43230209,749.5982451
66400,199200,-3149.426898,-3243.302533,93.87563492,786.8411027
66500,199500,-3149.491827,-3239.301199,89.80937209,752.7587475
66600,199800,-3149.48569,-3239.643534,90.15784395,755.6795478
66700,200100,-3149.44996,-3240.521046,91.0710864,763.334108
66800,200400,-3149.44692,-3241.068557,91.62163699,767.9486795
66900,200700,-3149.496413,-3244.138167,94.64175427,793.2625153
67000,201000,-3149.38789,-3240.309225,90.92133494,762.0789303
67100,201300,-3149.518332,-3244.063728,94.54539592,792.4548648
67200,201600,-3149.492355,-3242.410176,92.9178212,778.8129577
67300,201900,-3149.42381,-3237.429435,88.00562576,737.6402159
67400,202200,-3149.419967,-3239.899544,90.47957789,758.3762378
67500,202500,-3149.516387,-3238.997662,89.48127515,750.0087245
67600,202800,-3149.465605,-3241.562782,92.09717655,771.9345281
67700,203100,-3149.399185,-3237.245143,87.84595817,736.3019238
67800,203400,-3149.340554,-3237.37293,88.03237513,737.8644222
67900,203700,-3149.450408,-3240.8571,91.40669152,766.1470627
68000,204000,-3149.543154,-3241.772034,92.22887963,773.0384291
68100,204300,-3149.432252,-3241.335592,91.90334047,770.3098446
68200,204600,-3149.420531,-3241.8945,92.47396825,775.0926979
68300,204900,-3149.473275,-3241.17825,91.70497551,768.6472012
68400,205200,-3149.524361,-3242.758909,93.23454748,781.4676748
68500,205500,-3149.365524,-3238.604384,89.23886043,747.9768674
68600,205800,-3149.297899,-3238.427041,89.12914212,747.0572372
68700,206100,-3149.476602,-3238.428356,88.95175431,745.5704188
68800,206400,-3149.456307,-3241.218902,91.76259532,769.1301555
68900,206700,-3149.406156,-3236.839506,87.43334978,732.8435478
69000,207000,-3149.308248,-3240.347602,91.03935431,763.0681379
69100,207300,-3149.450426,-3243.662355,94.211929,789.6598319
69200,207600,-3149.450738,-3243.192292,93.74155468,785.717277
69300,207900,-3149.246423,-3235.68096,86.4345369,724.4717586
69400,208200,-3149.335843,-3240.169259,90.83341564,761.3420136
69500,208500,-3149.443609,-3241.739155,92.29554601,773.5972093
69600,208800,-3149.518757,-3243.065883,93.54712591,784.0876257
69700,209100,-3149.401532,-3236.694929,87.29339639,731.670495
69800,209400,-3149.316888,-3237.039639,87.72275074,735.2692313
69900,209700,-3149.463499,-3240.883369,91.41987025,766.2575233
70000,210000,-3149.486693,-3241.315358,91.8286653,769.6839368
70100,210300,-3148.747427,-3241.812965,93.06553736,780.051076
70200,210600,-3147.806552,-3238.531539,90.72498661,760.4331898
70300,210900,-3147.222688,-3238.592797,91.37010894,765.840437
70400,211200,-3146.794661,-3243.825852,97.03119136,813.2901542
70500,211500,-3145.981559,-3237.988685,92.00712586,771.1797468
70600,211800,-3145.248491,-3236.728178,91.47968647,766.7588872
70700,212100,-3144.41006,-3230.999036,86.58897563,725.7662238
70800,212400,-3143.704671,-3235.466955,91.76228384,769.1275447
70900,212700,-3143.206656,-3238.140297,94.93364117,795.7090353
71000,213000,-3142.687688,-3233.081006,90.39331765,757.653227
71100,213300,-3142.001014,-3232.309347,90.3083325,756.9409036
71200,213600,-3141.246973,-3233.902198,92.65522559,776.6119497
71300,213900,-3140.678205,-3237.915158,97.23695329,815.0147971
71400,214200,-3140.064683,-3234.726981,94.66229765,793.4347046
71500,214500,-3139.361704,-3231.103483,91.74177884,768.9556772
71600,214800,-3138.842533,-3232.146399,93.30386578,782.0486827
71700,215100,-3138.554184,-3232.96179,94.4076059,791.2999448
71800,215400,-3137.965957,-3233.125462,95.15950445,797.6021624
71900,215700,-3137.313095,-3228.455966,91.14287112,763.9357888
72000,216000,-3136.632526,-3229.042509,92.40998244,774.5563856
72100,216300,-3136.043093,-3227.449009,91.40591609,766.1405631
72200,216600,-3135.249461,-3229.830178,94.58071744,792.7509206
72300,216900,-3134.60888,-3230.110164,95.50128412,800.4668705
72400,217200,-3133.940228,-3225.283519,91.3432911,765.6156568
72500,217500,-3133.449526,-3225.960705,92.51117841,775.4045838
72600,217800,-3132.671193,-3226.570588,93.89939534,787.0402563
72700,218100,-3132.246746,-3227.04533,94.79858416,794.5770226
72800,218400,-3131.562773,-3222.788642,91.2258685,764.6314512
72900,218700,-3130.958898,-3226.585052,95.62615437,801.5135004
73000,219000,-3130.383566,-3221.339971,90.95640528,762.3728807
73100,219300,-3129.804379,-3222.400835,92.59645617,776.1193598
73200,219600,-3129.181299,-3223.520447,94.33914824,790.7261504
73300,219900,-3128.80759,-3225.659864,96.85227376,811.7905135
73400,220200,-3128.171201,-3224.435054,96.26385319,806.8585257
73500,220500,-3127.649984,-3220.564508,92.91452411,778.7853223
73600,220800,-3127.121268,-3222.042165,94.92089633,795.6022114
73700,221100,-3126.602099,-3219.456526,92.85442617,778.2815971
73800,221400,-3126.016339,-3223.867602,97.85126324,820.163783
73900,221700,-3125.43727,-3218.664782,93.22751231,781.4087079
74000,222000,-3124.980377,-3222.843342,97.86296486,820.2618629
74100,222300,-3124.406627,-3219.466353,95.05972592,796.7658448
74200,222600,-3123.852201,-3217.960812,94.10861149,788.7938515
74300,222900,-3123.37199,-3217.755671,94.38368149,791.0994166
74400,223200,-3122.979142,-3217.61645,94.63730755,793.2252441
74500,223500,-3122.696881,-3222.201558,99.5046769,834.0222653
74600,223800,-3122.259204,-3218.754545,96.49534106,808.7987967
74700,224100,-3121.689924,-3217.655013,95.96508875,804.35436
74800,224400,-3121.626765,-3220.771113,99.14434795,831.0020819
74900,224700,-3121.206207,-3218.716284,97.5100766,817.3040455
75000,225000,-3120.81578,-3218.649763,97.83398306,820.018945
75100,225300,-3120.851677,-3216.998248,96.14657115,805.8754982
75200,225600,-3120.837007,-3218.261361,97.42435371,816.5855386
75300,225900,-3120.774269,-3219.084584,98.310315,824.0114351
75400,226200,-3120.776903,-3218.515956,97.73905303,819.2232662
75500,226500,-3120.851353,-3217.890511,97.03915793,813.3569279
75600,226800,-3120.747204,-3218.283507,97.53630307,817.5238689
75700,227100,-3120.729444,-3214.649913,93.92046871,787.2168878
75800,227400,-3120.862464,-3219.025267,98.16280346,822.7750319
75900,227700,-3120.758639,-3219.540022,98.78138323,827.9598063
76000,228000,-3120.803301,-3216.112584,95.30928315,798.8575685
76100,228300,-3120.773873,-3217.573482,96.79960858,811.3490877
76200,228600,-3120.74112,-3213.517672,92.77655141,777.6288712
76300,228900,-3120.824506,-3218.052507,97.22800101,814.9397614
76400,229200,-3120.781438,-3215.387259,94.60582081,792.9613304
76500,229500,-3120.788341,-3215.886805,95.09846426,797.0905394
76600,229800,-3120.653192,-3214.095976,93.44278322,783.2130526
76700,230100,-3120.726104,-3215.472587,94.74648241,794.1403193
76800,230400,-3120.754451,-3215.811226,95.05677528,796.7411132
76900,230700,-3120.851448,-3218.259207,97.40775879,816.4464443
77000,231000,-3120.773042,-3217.817851,97.04480855,813.4042899
77100,231300,-3120.730388,-3217.038521,96.30813317,807.2296689
77200,231600,-3120.81929,-3220.205342,99.38605195,833.0279818
77300,231900,-3120.812713,-3216.723856,95.91114271,803.9021984
77400,232200,-3120.694685,-3219.505044,98.81035804,828.2026656
77500,232500,-3120.778525,-3215.521104,94.74257843,794.1075972
77600,232800,-3120.831161,-3218.101001,97.26983933,815.2904393
77700,233100,-3120.776576,-3219.050677,98.27410152,823.7079032
77800,233400,-3120.781457,-3215.731808,94.95035165,795.8490982
77900,233700,-3120.613675,-3210.821186,90.20751159,756.095849
78000,234000,-3120.635302,-3214.129379,93.4940772,783.6429853
78100,234300,-3120.849674,-3217.887256,97.03758194,813.3437184
78200,234600,-3120.691615,-3213.580813,92.88919862,778.5730507
78300,234900,-3120.786629,-3215.181522,94.39489279,791.1933867
78400,235200,-3120.740908,-3211.86232,91.12141245,763.7559278
78500,235500,-3120.845954,-3216.619995,95.77404072,802.7530452
78600,235800,-3120.802588,-3214.365028,93.56243976,784.2159824
78700,236100,-3120.729901,-3213.563987,92.83408613,778.1111122
78800,236400,-3120.779525,-3215.0295,94.24997552,789.978728
78900,236700,-3120.735909,-3217.12134,96.38543104,807.8775596
79000,237000,-3120.739782,-3212.009628,91.26984671,765.0000651
79100,237300,-3120.716859,-3215.606749,94.88988997,795.3423241
79200,237600,-3120.742724,-3215.843399,95.10067479,797.1090675
79300,237900,-3120.742303,-3214.785771,94.04346851,788.24784
79400,238200,-3120.606246,-3213.887156,93.28090982,781.8562719
79500,238500,-3120.711095,-3214.174742,93.46364676,783.3879253
79600,238800,-3120.718551,-3216.796233,96.0776822,805.298089
79700,239100,-3120.747612,-3215.740781,94.99316942,796.2079855
79800,239400,-3120.769467,-3216.243416,95.47394914,800.2377559
79900,239700,-3120.742899,-3215.118686,94.37578669,791.0332444
80000,240000,-3120.703151,-3213.671161,92.96801027,779.2336294
80100,240300,-3120.12506,-3210.795859,90.67079951,759.9790076
80200,240600,-3119.491359,-3213.121562,93.63020275,784.7839542
80300,240900,-3118.986767,-3212.931951,93.94518468,787.4240506
80400,241200,-3118.271485,-3212.273785,94.00230059,787.9027812
80500,241500,-3117.61023,-3210.575191,92.96496106,779.2080717
80600,241800,-3117.055112,-3211.651693,94.59658066,792.8838819
80700,242100,-3116.581076,-3210.47048,93.88940335,786.9565061
80800,242400,-3115.655666,-3206.228236,90.57256998,759.1556733
80900,242700,-3115.259207,-3212.708793,97.44958526,816.7970228
81000,243000,-3114.691295,-3210.272242,95.58094636,801.1345786
81100,243300,-3114.356115,-3211.553269,97.19715322,814.6812032
81200,243600,-3113.680879,-3205.07662,91.39574061,766.055275
81300,243900,-3113.229069,-3205.158941,91.9298726,770.5322301
81400,244200,-3112.811713,-3209.394093,96.58238002,809.5283345
81500,244500,-3112.517694,-3211.264146,98.74645211,827.6670227
81600,244800,-3112.032359,-3210.098269,98.06590999,821.9628961
81700,245100,-3111.557991,-3202.396304,90.83831256,761.3830584
81800,245400,-3111.074135,-3202.605721,91.53158546,767.1938911
81900,245700,-3110.366763,-3204.800547,94.43378401,791.5193628
82000,246000,-3109.897556,-3204.602033,94.70447745,793.7882447
82100,246300,-3109.264414,-3201.136302,91.87188817,770.0462197
82200,246600,-3108.778307,-3202.88829,94.10998347,788.8053511
82300,246900,-3108.381158,-3203.330312,94.94915392,795.839059
82400,247200,-3107.883826,-3201.614402,93.73057608,785.6252572
82500,247500,-3107.347847,-3201.586371,94.23852404,789.8827446
82600,247800,-3106.953458,-3200.988021,94.03456231,788.1731906
82700,248100,-3106.483273,-3204.663068,98.17979472,822.9174482
82800,248400,-3106.259716,-3204.559776,98.30005957,823.9254768
82900,248700,-3105.976351,-3200.568364,94.59201304,792.8455973
83000,249000,-3105.411874,-3201.292896,95.88102277,803.6497409
83100,249300,-3104.970358,-3204.713888,99.74353028,836.024272
83200,249600,-3104.594332,-3197.8008,93.20646772,781.2323176
83300,249900,-3104.134288,-3201.858464,97.72417659,819.0985758
83400,250200,-3103.828115,-3198.95025,95.12213456,797.2889377
83500,250500,-3103.284559,-3200.300239,97.01567979,813.1601403
83600,250800,-3103.11617,-3200.475607,97.35943774,816.0414298
83700,251100,-3102.688354,-3198.286298,95.59794491,801.2770561
83800,251400,-3102.25969,-3199.741262,97.48157179,817.0651256
83900,251700,-3102.007104,-3201.083077,99.07597312,830.4289819
84000,252000,-3101.837531,-3200.618554,98.78102308,827.9567876
84100,252300,-3101.412465,-3197.319116,95.90665085,803.8645488
84200,252600,-3101.024511,-3195.725703,94.70119218,793.7607084
84300,252900,-3100.707712,-3195.189142,94.48142962,791.9187159
84400,253200,-3100.296545,-3195.769328,95.47278345,800.2279853
84500,253500,-3099.977077,-3196.163988,96.1869108,806.2136147
84600,253800,-3099.447052,-3197.564746,98.11769419,822.3969378
84700,254100,-3099.195808,-3198.446043,99.25023547,831.8896036
84800,254400,-3099.115966,-3201.503637,102.3876713,858.1867729
84900,254700,-3098.816662,-3200.407397,101.5907345,851.5070567
85000,255000,-3098.576812,-3197.324256,98.74744398,827.6753364
85100,255300,-3098.444492,-3195.510114,97.06562216,813.5787442
85200,255600,-3098.632199,-3195.509711,96.87751134,812.0020483
85300,255900,-3098.568469,-3192.216686,93.64821618,784.9349381
85400,256200,-3098.515645,-3194.663455,96.14781065,805.8858874
85500,256500,-3098.646584,-3195.041675,96.39509045,807.9585222
85600,256800,-3098.461428,-3190.871456,92.41002735,774.556762
85700,257100,-3098.541519,-3194.801371,96.25985251,806.824993
85800,257400,-3098.576035,-3193.537438,94.96140295,795.9417273
85900,257700,-3098.524709,-3192.584642,94.05993316,788.3858425
86000,258000,-3098.444331,-3190.780313,92.33598162,773.93613
86100,258300,-3098.47873,-3189.797328,91.31859764,765.4086826
86200,258600,-3098.646535,-3197.125263,98.47872739,825.4230239
86300,258900,-3098.605701,-3194.866074,96.26037361,806.8293608
86400,259200,-3098.481374,-3194.886111,96.40473635,808.0393716
86500,259500,-3098.55129,-3194.329923,95.77863313,802.7915376
86600,259800,-3098.65622,-3196.606567,97.95034677,820.9942752
86700,260100,-3098.589162,-3193.388069,94.79890718,794.57973
86800,260400,-3098.617586,-3195.427608,96.81002206,811.4363708
86900,260700,-3098.659631,-3195.494783,96.83515211,811.6470044
87000,261000,-3098.625621,-3195.91609,97.29046913,815.4633529
87100,261300,-3098.551492,-3194.892732,96.34124013,807.5071629
87200,261600,-3098.564631,-3194.164144,95.59951297,801.2901991
87300,261900,-3098.583369,-3193.189101,94.60573179,792.9605843
87400,262200,-3098.488809,-3194.236295,95.74748553,802.5304666
87500,262500,-3098.543422,-3196.107222,97.5637997,817.7543385
87600,262800,-3098.632966,-3191.979257,93.34629085,782.4042786
87700,263100,-3098.54843,-3198.23094,99.68251095,835.512824
87800,263400,-3098.642742,-3194.368994,95.72625139,802.3524875
87900,263700,-3098.476856,-3194.255394,95.77853803,802.7907405
88000,264000,-3098.50049,-3194.13465,95.63415991,801.5806008
88100,264300,-3098.544932,-3194.333094,95.78816196,802.8714058
88200,264600,-3098.644115,-3192.618661,93.97454603,787.6701498
88300,264900,-3098.549099,-3196.539417,97.99031769,821.3293011
88400,265200,-3098.513241,-3196.788065,98.27482325,823.7139526
88500,265500,-3098.564797,-3192.94943,94.38463257,791.1073883
88600,265800,-3098.625938,-3197.839534,99.21359676,831.5825074
88700,266100,-3098.432732,-3189.526864,91.09413233,763.5272729
88800,266400,-3098.474622,-3194.637625,96.16300343,806.0132293
88900,266700,-3098.659579,-3194.997352,96.33777327,807.4781045
89000,267000,-3098.664819,-3195.60076,96.9359412,812.4917922
89100,267300,-3098.52663,-3191.58677,93.06014014,780.005838
89200,267600,-3098.437851,-3192.729927,94.29207596,790.3316029
89300,267900,-3098.477287,-3196.06068,97.58339341,817.9185678
89400,268200,-3098.530853,-3193.840164,95.30931071,798.8577994
89500,268500,-3098.5249,-3194.701778,96.17687832,806.129525
89600,268800,-3098.480578,-3194.706278,96.22570047,806.5387395
89700,269100,-3098.534112,-3193.0329,94.49878757,792.0642058
89800,269400,-3098.588743,-3196.32404,97.7352975,819.1917884
89900,269700,-3098.523206,-3197.523515,99.00030816,829.794778
90000,270000,-3098.491684,-3196.164617,97.67293249,818.6690611
90100,270300,-3098.088493,-3192.375884,94.2873909,790.2923339
90200,270600,-3097.440655,-3188.880985,91.44032967,766.4290088
90300,270900,-3096.862979,-3190.762312,93.89933275,787.0397317
90400,271200,-3096.442959,-3190.673215,94.2302563,789.8134466
90500,271500,-3096.071565,-3190.964595,94.89302999,795.368643
90600,271800,-3095.562821,-3189.284108,93.72128738,785.5474018
90700,272100,-3095.171745,-3192.658695,97.48695018,817.1102059
90800,272400,-3095.046639,-3195.444883,100.398244,841.5119122
90900,272700,-3094.779433,-3192.357436,97.57800291,817.8733861
91000,273000,-3094.455468,-3189.741717,95.28624939,798.6645054
91100,273300,-3094.100543,-3193.809246,99.7087033,835.7323614
91200,273600,-3093.869535,-3188.685418,94.8158827,794.7220145
91300,273900,-3093.540165,-3187.392669,93.85250482,786.6472322
91400,274200,-3093.293294,-3192.133128,98.83983435,828.4497283
91500,274500,-3093.070359,-3190.919569,97.84920931,820.1465674
91600,274800,-3092.788626,-3191.780916,98.99229041,829.7275753
91700,275100,-3092.571885,-3190.69971,98.12782538,822.4818547
91800,275400,-3091.988585,-3185.523047,93.53446274,783.9814864
91900,275700,-3091.63263,-3188.288679,96.65604868,810.1458061
92000,276000,-3091.549131,-3192.489878,100.9407475,846.059035
92100,276300,-3091.362904,-3188.916361,97.5534572,817.6676504
92200,276600,-3091.24136,-3189.289994,98.048634,821.8180932
92300,276900,-3090.899538,-3186.893402,95.99386335,804.5955412
92400,277200,-3090.622568,-3190.747952,100.1253839,839.2248693
92500,277500,-3090.416188,-3189.624328,99.2081403,831.5367728
92600,277800,-3090.133938,-3185.462214,95.32827544,799.0167568
92700,278100,-3089.737081,-3188.106425,98.36934453,824.5062053
92800,278400,-3089.605325,-3187.935816,98.33049117,824.1805466
92900,278700,-3089.234603,-3183.806334,94.57173114,792.6755997
93000,279000,-3088.974339,-3184.930802,95.95646339,804.2820645
93100,279300,-3088.67452,-3189.043983,100.3694634,841.2706803
93200,279600,-3088.600978,-3190.307379,101.7064002,852.4765365
93300,279900,-3088.334667,-3186.220915,97.88624805,820.4570165
93400,280200,-3088.084678,-3190.6235,102.5388221,859.4536794
93500,280500,-3087.789628,-3184.169574,96.37994668,807.831591
93600,280800,-3087.591747,-3186.446786,98.85503864,828.5771667
93700,281100,-3087.414503,-3185.935906,98.52140258,825.7807163
93800,281400,-3087.099164,-3183.99169,96.89252592,812.1278967
93900,281700,-3086.926502,-3187.026751,100.1002498,839.0142024
94000,282000,-3086.739133,-3182.729239,95.99010577,804.5640462
94100,282300,-3086.405588,-3187.862962,101.4573736,850.3892604
94200,282600,-3086.311194,-3188.946713,102.6355192,860.2641694
94300,282900,-3086.47598,-3187.585115,101.1091357,847.4704208
94400,283200,-3086.299137,-3182.509447,96.21030996,806.4097403
94500,283500,-3086.062679,-3188.166168,102.1034883,855.8048252
94600,283800,-3085.998548,-3182.506181,96.5076335,808.9018287
94700,284100,-3085.785371,-3184.293137,98.50776613,825.6664191
94800,284400,-3085.887772,-3187.361037,101.4732648,850.5224562
94900,284700,-3085.813125,-3185.117364,99.30423912,832.3422481
95000,285000,-3085.766885,-3182.903821,97.13693666,814.1764838
95100,285300,-3085.680253,-3182.509212,96.82895942,811.5950988
95200,285600,-3085.843764,-3188.739763,102.8959992,862.4474444
95300,285900,-3085.839029,-3184.657638,98.81860885,828.2718217
95400,286200,-3085.728332,-3180.807743,95.07941085,796.9308387
95500,286500,-3085.715193,-3185.37926,99.66406678,835.3582297
95600,286800,-3085.678242,-3184.748294,99.07005173,830.3793504
95700,287100,-3085.664266,-3182.186641,96.52237483,809.0253867
95800,287400,-3085.775986,-3182.447343,96.67135668,810.2741137
95900,287700,-3085.767981,-3185.348724,99.58074342,834.659835
96000,288000,-3085.778452,-3183.960088,98.18163604,822.9328817
96100,288300,-3085.765941,-3186.825918,101.0599775,847.0583899
96200,288600,-3085.71319,-3185.410569,99.69737895,835.6374436
96300,288900,-3085.808911,-3190.309016,104.5001053,875.8926439
96400,289200,-3085.807063,-3188.119597,102.3125343,857.5569944
96500,289500,-3085.826775,-3186.069557,100.2427813,840.2088641
96600,289800,-3085.697942,-3182.05652,96.35857822,807.6524862
96700,290100,-3085.701003,-3182.200939,96.4999355,808.8373061
96800,290400,-3085.759297,-3186.204866,100.4455686,841.9085742
96900,290700,-3085.84882,-3184.883596,99.03477581,830.0836768
97000,291000,-3085.779232,-3185.168551,99.38931905,833.0553658
97100,291300,-3085.785772,-3186.211058,100.4252854,841.7385662
97200,291600,-3085.867802,-3188.760342,102.8925396,862.4184474
97300,291900,-3085.827282,-3186.570625,100.7433423,844.4044355
97400,292200,-3085.660433,-3186.497972,100.8375397,845.193974
97500,292500,-3085.747075,-3184.559083,98.8120083,828.2164977
97600,292800,-3085.762392,-3187.855137,102.0927448,855.7147755
97700,293100,-3085.770279,-3185.939403,100.1691242,839.5914894
97800,293400,-3085.677424,-3185.519427,99.84200227,836.8496386
97900,293700,-3085.728016,-3184.658855,98.93083927,829.2125078
98000,294000,-3085.723423,-3181.451088,95.72766508,802.3643367
98100,294300,-3085.7589,-3184.345552,98.58665225,826.3276219
98200,294600,-3085.746976,-3184.249335,98.50235865,825.621095
98300,294900,-3085.725629,-3184.872951,99.1473225,831.0270139
98400,295200,-3085.75381,-3183.898192,98.14438245,822.6206318
98500,295500,-3085.765944,-3186.953769,101.1878247,848.1299718
98600,295800,-3085.749107,-3184.603987,98.85487954,828.5758332
98700,296100,-3085.762492,-3182.505908,96.7434164,810.8780995
98800,296400,-3085.800319,-3187.046531,101.2462116,848.6193553
98900,296700,-3085.811723,-3187.478627,101.6669041,852.1454904
99000,297000,-3085.80092,-3185.253335,99.45241558,833.5842245
99100,297300,-3085.745622,-3183.445807,97.70018487,818.8974834
99200,297600,-3085.673664,-3183.839377,98.16571259,822.7994154
99300,297900,-3085.829269,-3184.977769,99.14849992,831.0368827
99400,298200,-3085.81055,-3184.682411,98.8718607,828.7181649
99500,298500,-3085.696418,-3185.400278,99.70386074,835.6917723
99600,298800,-3085.680859,-3184.719915,99.03905674,830.1195585
99700,299100,-3085.748328,-3188.81774,103.0694114,863.9009408
99800,299400,-3085.848784,-3187.126461,101.2776771,848.8830905
99900,299700,-3085.817953,-3183.830799,98.01284556,821.5181238